id,title,intro,poster,pubdate,url,rating,genres,star,comment,tags,star_time,card
3689493420,黑豹2,,https://img1.doubanio.com/view/photo/m_ratio_poster/public/p2887207798.jpg,2023-02-07(中国大陆),https://movie.douban.com/subject/30167997/,5.5,"剧情,动作,科幻",1,,,2023-02-12 17:21:54,2022 / 美国 / 剧情 动作 科幻 惊悚 奇幻 冒险 / 瑞恩·库格勒 / 利蒂希娅·赖特 露皮塔·尼永奥
3667159599,华尔街之狼,,https://img2.doubanio.com/view/photo/m_ratio_poster/public/p2160254162.jpg,2013-12-17(纽约首映),https://movie.douban.com/subject/2997076/,8.1,"剧情,传记,犯罪",3,,,2023-01-27 10:26:07,2013 / 美国 / 剧情 传记 犯罪 / 马丁·斯科塞斯 / 莱昂纳多·迪卡普里奥 乔纳·希尔
3667158029,疯狂的麦克斯4：狂暴之路,,https://img2.doubanio.com/view/photo/m_ratio_poster/public/p2236181653.jpg,2015-05-14(澳大利亚),https://movie.douban.com/subject/3592854/,8.7,"动作,科幻,冒险",2,,,2023-01-27 10:24:44,2015 / 澳大利亚 美国 / 动作 科幻 冒险 / 乔治·米勒 / 汤姆·哈迪 查理兹·塞隆
3666628115,源代码,,https://img9.doubanio.com/view/photo/m_ratio_poster/public/p988260245.jpg,2011-08-30(中国大陆),https://movie.douban.com/subject/3075287/,8.5,"科幻,悬疑,惊悚",3,,,2023-01-26 23:36:32,2011 / 美国 加拿大 / 科幻 悬疑 惊悚 / 邓肯·琼斯 / 杰克·吉伦哈尔 维拉·法米加
3666626872,看不见的客人,,https://img9.doubanio.com/view/photo/m_ratio_poster/public/p2498971355.jpg,2017-09-15(中国大陆),https://movie.douban.com/subject/26580232/,8.8,"剧情,悬疑,惊悚",4,,,2023-01-26 23:36:03,2016 / 西班牙 / 剧情 悬疑 惊悚 犯罪 / 奥里奥尔·保罗 / 马里奥·卡萨斯 阿娜·瓦格纳
3666622029,时空恋旅人,,https://img9.doubanio.com/view/photo/m_ratio_poster/public/p2070153774.jpg,2013-09-04(英国),https://movie.douban.com/subject/10577869/,8.8,"喜剧,爱情,奇幻",4,,,2023-01-26 23:34:15,2013 / 英国 / 喜剧 爱情 奇幻 / 理查德·柯蒂斯 / 多姆纳尔·格里森 瑞秋·麦克亚当斯
3665720486,茶馆,,https://img9.doubanio.com/view/photo/m_ratio_poster/public/p2528965424.jpg,1982(中国大陆),https://movie.douban.com/subject/1461403/,9.5,"剧情,历史",5,,,2023-01-26 15:58:20,1982 / 中国大陆 / 剧情 历史 / 谢添 / 于是之 郑榕
3665719392,被解救的姜戈,,https://img1.doubanio.com/view/photo/m_ratio_poster/public/p1800813767.jpg,2013-05-12(中国大陆),https://movie.douban.com/subject/6307447/,8.8,"剧情,动作,西部",3,,,2023-01-26 15:57:35,2012 / 美国 / 剧情 动作 西部 冒险 / 昆汀·塔伦蒂诺 / 杰米·福克斯 莱昂纳多·迪卡普里奥
3665718349,倩女幽魂,,https://img9.doubanio.com/view/photo/m_ratio_poster/public/p2414157745.jpg,2011-04-30(中国大陆),https://movie.douban.com/subject/1297447/,8.8,"爱情,奇幻,武侠",5,,,2023-01-26 15:56:54,1987 / 中国香港 / 爱情 奇幻 武侠 古装 / 程小东 / 张国荣 王祖贤
3665717828,超能陆战队,,https://img2.doubanio.com/view/photo/m_ratio_poster/public/p2614500883.jpg,2015-02-28(中国大陆),https://movie.douban.com/subject/11026735/,8.7,"喜剧,动作,科幻",3,,,2023-01-26 15:56:34,2014 / 美国 / 喜剧 动作 科幻 动画 冒险 / 唐·霍尔 克里斯·威廉姆斯 / 斯科特·安第斯 瑞恩·波特
3665716807,加勒比海盗,,https://img9.doubanio.com/view/photo/m_ratio_poster/public/p1596085504.jpg,2003-11-21(中国大陆),https://movie.douban.com/subject/1298070/,8.8,"动作,奇幻,冒险",4,,,2023-01-26 15:55:55,2003 / 美国 / 动作 奇幻 冒险 / 戈尔·维宾斯基 / 约翰尼·德普 杰弗里·拉什
3665716464,七宗罪,,https://img9.doubanio.com/view/photo/m_ratio_poster/public/p2219586434.jpg,1995-09-22(美国),https://movie.douban.com/subject/1292223/,8.8,"剧情,悬疑,惊悚",4,,,2023-01-26 15:55:42,1995 / 美国 / 剧情 悬疑 惊悚 犯罪 / 大卫·芬奇 / 摩根·弗里曼 布拉德·皮特
3665716216,喜剧之王,,https://img1.doubanio.com/view/photo/m_ratio_poster/public/p2579932167.jpg,1999-02-13(中国香港),https://movie.douban.com/subject/1302425/,8.8,"剧情,喜剧,爱情",3,,,2023-01-26 15:55:32,1999 / 中国香港 / 剧情 喜剧 爱情 / 周星驰 李力持 / 周星驰 张柏芝
3665715913,哈利·波特与阿兹卡班的囚徒,,https://img1.doubanio.com/view/photo/m_ratio_poster/public/p1910812549.jpg,2004-09-10(中国大陆),https://movie.douban.com/subject/1291544/,8.9,"奇幻,冒险",3,,,2023-01-26 15:55:20,2004 / 英国 美国 / 奇幻 冒险 / 阿方索·卡隆 / 丹尼尔·雷德克里夫 艾玛·沃森
3665715674,摩登时代,,https://img1.doubanio.com/view/photo/m_ratio_poster/public/p2263408369.jpg,1936-02-25(美国),https://movie.douban.com/subject/1294371/,9.3,"剧情,喜剧,爱情",4,,,2023-01-26 15:55:11,1936 / 美国 / 剧情 喜剧 爱情 / 查理·卓别林 / 查理·卓别林 宝莲·高黛
3665715451,功夫,,https://img1.doubanio.com/view/photo/m_ratio_poster/public/p2219011938.jpg,2004-12-23(中国大陆),https://movie.douban.com/subject/1291543/,8.8,"喜剧,动作,犯罪",2,,,2023-01-26 15:55:00,2004 / 中国大陆 中国香港 / 喜剧 动作 犯罪 奇幻 / 周星驰 / 周星驰 元秋
3665715172,心灵捕手,,https://img9.doubanio.com/view/photo/m_ratio_poster/public/p480965695.jpg,1997-12-05(美国),https://movie.douban.com/subject/1292656/,8.9,剧情,3,,,2023-01-26 15:54:49,1997 / 美国 / 剧情 / 格斯·范·桑特 / 马特·达蒙 罗宾·威廉姆斯
3665714905,蝴蝶效应,,https://img1.doubanio.com/view/photo/m_ratio_poster/public/p2209066019.jpg,2004-01-23(美国),https://movie.douban.com/subject/1292343/,8.9,"剧情,科幻,悬疑",4,,,2023-01-26 15:54:38,2004 / 美国 加拿大 / 剧情 科幻 悬疑 惊悚 / 埃里克·布雷斯 J·麦基·格鲁伯 / 阿什顿·库彻 梅洛拉·沃尔特斯
3665714524,致命魔术,,https://img9.doubanio.com/view/photo/m_ratio_poster/public/p480383375.jpg,2006-10-17(罗马电影节),https://movie.douban.com/subject/1780330/,8.9,"剧情,悬疑,惊悚",3,,,2023-01-26 15:54:23,2006 / 英国 美国 / 剧情 悬疑 惊悚 / 克里斯托弗·诺兰 / 休·杰克曼 克里斯蒂安·贝尔
3665714283,布达佩斯大饭店,,https://img2.doubanio.com/view/photo/m_ratio_poster/public/p2178872593.jpg,2014-02-06(柏林电影节),https://movie.douban.com/subject/11525673/,8.9,"剧情,喜剧,冒险",3,,,2023-01-26 15:54:13,2014 / 美国 德国 英国 / 剧情 喜剧 冒险 / 韦斯·安德森 / 拉尔夫·费因斯 托尼·雷沃罗利
3665714092,禁闭岛,,https://img1.doubanio.com/view/photo/m_ratio_poster/public/p450262388.jpg,2010-02-13(柏林电影节),https://movie.douban.com/subject/2334904/,8.9,"剧情,悬疑,惊悚",3,,,2023-01-26 15:54:05,2010 / 美国 / 剧情 悬疑 惊悚 / 马丁·斯科塞斯 / 莱昂纳多·迪卡普里奥 马克·鲁弗洛
3665713705,沉默的羔羊,,https://img1.doubanio.com/view/photo/m_ratio_poster/public/p1593414327.jpg,1991-02-14(美国),https://movie.douban.com/subject/1293544/,8.9,"剧情,惊悚,犯罪",3,,,2023-01-26 15:53:48,1991 / 美国 / 剧情 惊悚 犯罪 / 乔纳森·戴米 / 朱迪·福斯特 安东尼·霍普金斯
3665713470,哈利·波特与死亡圣器(下),,https://img9.doubanio.com/view/photo/m_ratio_poster/public/p1131848955.jpg,2011-08-04(中国大陆),https://movie.douban.com/subject/3011235/,9,"奇幻,冒险",3,,,2023-01-26 15:53:38,2011 / 美国 英国 / 奇幻 冒险 / 大卫·叶茨 / 丹尼尔·雷德克里夫 艾玛·沃森
3665713232,阿凡达,,https://img1.doubanio.com/view/photo/m_ratio_poster/public/p2180085848.jpg,2010-01-04(中国大陆),https://movie.douban.com/subject/1652587/,8.8,"动作,科幻,冒险",4,,,2023-01-26 15:53:28,2009 / 美国 / 动作 科幻 冒险 / 詹姆斯·卡梅隆 / 萨姆·沃辛顿 佐伊·索尔达娜
3665713007,拯救大兵瑞恩,,https://img9.doubanio.com/view/photo/m_ratio_poster/public/p1014542496.jpg,1998-11-13(中国大陆),https://movie.douban.com/subject/1292849/,9.1,"剧情,战争",3,,,2023-01-26 15:53:19,1998 / 美国 / 剧情 战争 / 史蒂文·斯皮尔伯格 / 汤姆·汉克斯 汤姆·塞兹摩尔
3665712085,狮子王,,https://img1.doubanio.com/view/photo/m_ratio_poster/public/p726659067.jpg,1995-07-15(中国大陆),https://movie.douban.com/subject/1301753/,9.1,"动画,歌舞,冒险",3,,,2023-01-26 15:52:44,1994 / 美国 / 动画 歌舞 冒险 / 罗杰·阿勒斯 罗伯·明可夫 / 乔纳森·泰勒·托马斯 马修·布罗德里克
3665711840,黑客帝国,,https://img1.doubanio.com/view/photo/m_ratio_poster/public/p451926968.jpg,2000-01-14(中国大陆),https://movie.douban.com/subject/1291843/,9.1,"动作,科幻",5,,,2023-01-26 15:52:32,1999 / 美国 / 动作 科幻 / 莉莉·沃卓斯基 拉娜·沃卓斯基 / 基努·里维斯 劳伦斯·菲什伯恩
3665711610,指环王1：护戒使者,,https://img9.doubanio.com/view/photo/m_ratio_poster/public/p2373910134.jpg,2002-04-04(中国大陆),https://movie.douban.com/subject/1291571/,9.1,"剧情,动作,奇幻",5,,,2023-01-26 15:52:22,2001 / 新西兰 美国 / 剧情 动作 奇幻 冒险 / 彼得·杰克逊 / 伊利亚·伍德 西恩·奥斯汀
3665711259,大闹天宫,,https://img1.doubanio.com/view/photo/m_ratio_poster/public/p2184505167.jpg,1961(中国大陆),https://movie.douban.com/subject/1418019/,9.4,"剧情,动画,奇幻",5,,,2023-01-26 15:52:06,1961 / 中国大陆 / 剧情 动画 奇幻 古装 / 万籁鸣 / 邱岳峰 富润生
3665710951,指环王2：双塔奇兵,,https://img9.doubanio.com/view/photo/m_ratio_poster/public/p2640236255.jpg,2003-04-25(中国大陆),https://movie.douban.com/subject/1291572/,9.2,"剧情,动作,奇幻",5,,,2023-01-26 15:51:52,2002 / 美国 新西兰 / 剧情 动作 奇幻 冒险 / 彼得·杰克逊 / 伊利亚·伍德 西恩·奥斯汀
3665710762,天空之城,,https://img1.doubanio.com/view/photo/m_ratio_poster/public/p1446261379.jpg,1992-05-01(中国大陆),https://movie.douban.com/subject/1291583/,9.2,"动画,奇幻,冒险",4,,,2023-01-26 15:51:44,1986 / 日本 / 动画 奇幻 冒险 / 宫崎骏 / 田中真弓 横泽启子
3665710540,海蒂和爷爷,,https://img9.doubanio.com/view/photo/m_ratio_poster/public/p2554525534.jpg,2019-05-16(中国大陆),https://movie.douban.com/subject/25958717/,9.3,"剧情,家庭,冒险",4,,,2023-01-26 15:51:35,2015 / 德国 瑞士 / 剧情 家庭 冒险 / 阿兰·葛斯彭纳 / 阿努克·斯特芬 布鲁诺·冈茨
3665710395,钢琴家,,https://img2.doubanio.com/view/photo/m_ratio_poster/public/p1381339291.jpg,2002-05-24(戛纳电影节),https://movie.douban.com/subject/1296736/,9.3,"剧情,音乐,传记",4,,,2023-01-26 15:51:27,2002 / 英国 法国 波兰 德国 / 剧情 音乐 传记 战争 / 罗曼·波兰斯基 / 艾德里安·布洛迪 托马斯·克莱舒曼
3665710187,大话西游之月光宝盒,,https://img2.doubanio.com/view/photo/m_ratio_poster/public/p2561721372.jpg,2014-10-24(中国大陆),https://movie.douban.com/subject/1299398/,9,"喜剧,爱情,奇幻",5,,,2023-01-26 15:51:19,1995 / 中国香港 中国大陆 / 喜剧 爱情 奇幻 古装 / 刘镇伟 / 周星驰 吴孟达
3665709997,让子弹飞,,https://img1.doubanio.com/view/photo/m_ratio_poster/public/p1512562287.jpg,2010-12-16(中国大陆),https://movie.douban.com/subject/3742360/,9,"剧情,喜剧,动作",3,,,2023-01-26 15:51:11,2010 / 中国大陆 中国香港 / 剧情 喜剧 动作 西部 / 姜文 / 姜文 葛优
3665709763,少年派的奇幻漂流,,https://img2.doubanio.com/view/photo/m_ratio_poster/public/p1784592701.jpg,2012-11-22(中国大陆),https://movie.douban.com/subject/1929463/,9.1,"剧情,奇幻,冒险",3,,,2023-01-26 15:51:00,2012 / 美国 中国台湾 英国 加拿大 / 剧情 奇幻 冒险 / 李安 / 苏拉·沙玛 伊尔凡·可汗
3665709443,摔跤吧！爸爸,,https://img1.doubanio.com/view/photo/m_ratio_poster/public/p2401676338.jpg,2017-05-05(中国大陆),https://movie.douban.com/subject/26387939/,9,"剧情,家庭,传记",3,,,2023-01-26 15:50:45,2016 / 印度 / 剧情 家庭 传记 运动 / 涅提·蒂瓦里 / 阿米尔·汗 法缇玛·萨那·纱卡
3665709218,十二怒汉,,https://img2.doubanio.com/view/photo/m_ratio_poster/public/p2173577632.jpg,1957-04-13(美国),https://movie.douban.com/subject/1293182/,9.4,剧情,5,,,2023-01-26 15:50:36,1957 / 美国 / 剧情 / 西德尼·吕美特 / 亨利·方达 马丁·鲍尔萨姆
3665708964,何以为家,,https://img1.doubanio.com/view/photo/m_ratio_poster/public/p2555295759.jpg,2019-04-29(中国大陆),https://movie.douban.com/subject/30170448/,9.1,剧情,4,,,2023-01-26 15:50:27,2018 / 黎巴嫩 美国 法国 塞浦路斯 卡塔尔 英国 / 剧情 / 娜丁·拉巴基 / 赞恩·阿尔·拉菲亚 约丹诺斯·希费罗
3665708766,我不是药神,,https://img9.doubanio.com/view/photo/m_ratio_poster/public/p2561305376.jpg,2018-07-05(中国大陆),https://movie.douban.com/subject/26752088/,9,"剧情,喜剧",4,,,2023-01-26 15:50:19,2018 / 中国大陆 / 剧情 喜剧 / 文牧野 / 徐峥 王传君
3665708509,飞屋环游记,,https://img2.doubanio.com/view/photo/m_ratio_poster/public/p2363116942.jpg,2009-08-04(中国大陆),https://movie.douban.com/subject/2129039/,9.1,"剧情,喜剧,动画",4,,,2023-01-26 15:50:11,2009 / 美国 / 剧情 喜剧 动画 冒险 / 彼特·道格特 鲍勃·彼德森 / 爱德华·阿斯纳 克里斯托弗·普卢默
3665708076,指环王3：王者无敌,,https://img2.doubanio.com/view/photo/m_ratio_poster/public/p2642829472.jpg,2004-03-12(中国大陆),https://movie.douban.com/subject/1291552/,9.3,"剧情,动作,奇幻",5,,,2023-01-26 15:49:54,2003 / 美国 新西兰 / 剧情 动作 奇幻 冒险 / 彼得·杰克逊 / 伊利亚·伍德 西恩·奥斯汀
3665707846,哈利·波特与魔法石,,https://img9.doubanio.com/view/photo/m_ratio_poster/public/p2614949805.jpg,2002-01-26(中国大陆),https://movie.douban.com/subject/1295038/,9.2,"奇幻,冒险",4,,,2023-01-26 15:49:45,2001 / 美国 英国 / 奇幻 冒险 / 克里斯·哥伦布 / 丹尼尔·雷德克里夫 艾玛·沃森
3665707622,蝙蝠侠：黑暗骑士,,https://img2.doubanio.com/view/photo/m_ratio_poster/public/p462657443.jpg,2008-07-14(纽约首映),https://movie.douban.com/subject/1851857/,9.2,"剧情,动作,科幻",4,,,2023-01-26 15:49:36,2008 / 美国 英国 / 剧情 动作 科幻 惊悚 犯罪 / 克里斯托弗·诺兰 / 克里斯蒂安·贝尔 希斯·莱杰
3665707264,寻梦环游记,,https://img9.doubanio.com/view/photo/m_ratio_poster/public/p2614500706.jpg,2017-11-24(中国大陆),https://movie.douban.com/subject/20495023/,9.1,"喜剧,动画,音乐",4,,,2023-01-26 15:49:21,2017 / 美国 / 喜剧 动画 音乐 奇幻 / 李·昂克里奇 阿德里安·莫利纳 / 安东尼·冈萨雷斯 盖尔·加西亚·贝纳尔
3665707033,末代皇帝,,https://img2.doubanio.com/view/photo/m_ratio_poster/public/p452089833.jpg,1987-10-04(东京国际电影节),https://movie.douban.com/subject/1293172/,9.3,"剧情,传记,历史",4,,,2023-01-26 15:49:12,1987 / 英国 意大利 中国大陆 法国 / 剧情 传记 历史 / 贝纳尔多·贝托鲁奇 / 尊龙 陈冲
3665706782,龙猫,,https://img9.doubanio.com/view/photo/m_ratio_poster/public/p2540924496.jpg,2018-12-14(中国大陆),https://movie.douban.com/subject/1291560/,9.2,"动画,奇幻,冒险",4,,,2023-01-26 15:49:01,1988 / 日本 / 动画 奇幻 冒险 / 宫崎骏 / 日高法子 坂本千夏
3665706543,触不可及,,https://img9.doubanio.com/view/photo/m_ratio_poster/public/p1454261925.jpg,2011-11-02(法国),https://movie.douban.com/subject/6786002/,9.3,"剧情,喜剧",4,,,2023-01-26 15:48:52,2011 / 法国 / 剧情 喜剧 / 奥利维埃·纳卡什 埃里克·托莱达诺 / 弗朗索瓦·克鲁塞 奥玛·希
3665706250,当幸福来敲门,,https://img9.doubanio.com/view/photo/m_ratio_poster/public/p2614359276.jpg,2008-01-17(中国大陆),https://movie.douban.com/subject/1849031/,9.2,"剧情,家庭,传记",5,,,2023-01-26 15:48:41,2006 / 美国 / 剧情 家庭 传记 / 加布里埃莱·穆奇诺 / 威尔·史密斯 贾登·史密斯
3665706005,大话西游之大圣娶亲,,https://img9.doubanio.com/view/photo/m_ratio_poster/public/p2455050536.jpg,2014-10-24(中国大陆),https://movie.douban.com/subject/1292213/,9.2,"喜剧,爱情,奇幻",5,,,2023-01-26 15:48:31,1995 / 中国香港 中国大陆 / 喜剧 爱情 奇幻 古装 / 刘镇伟 / 周星驰 吴孟达
3665705753,疯狂动物城,,https://img1.doubanio.com/view/photo/m_ratio_poster/public/p2614500649.jpg,2016-03-04(中国大陆),https://movie.douban.com/subject/25662329/,9.2,"喜剧,动画,冒险",4,,,2023-01-26 15:48:22,2016 / 美国 / 喜剧 动画 冒险 / 拜伦·霍华德 瑞奇·摩尔 杰拉德·布什 / 金妮弗·古德温 杰森·贝特曼
3665705455,无间道,,https://img2.doubanio.com/view/photo/m_ratio_poster/public/p2564556863.jpg,2003-09-05(中国大陆),https://movie.douban.com/subject/1307914/,9.3,"剧情,惊悚,犯罪",3,,,2023-01-26 15:48:10,2002 / 中国香港 / 剧情 惊悚 犯罪 / 刘伟强 麦兆辉 / 刘德华 梁朝伟
3665705092,机器人总动员,,https://img2.doubanio.com/view/photo/m_ratio_poster/public/p1461851991.jpg,2008-06-27(美国),https://movie.douban.com/subject/2131459/,9.3,"科幻,动画,冒险",5,,,2023-01-26 15:47:55,2008 / 美国 / 科幻 动画 冒险 / 安德鲁·斯坦顿 / 本·贝尔特 艾丽莎·奈特
3665704810,三傻大闹宝莱坞,,https://img2.doubanio.com/view/photo/m_ratio_poster/public/p579729551.jpg,2011-12-08(中国大陆),https://movie.douban.com/subject/3793023/,9.2,"剧情,喜剧,爱情",4,,,2023-01-26 15:47:44,2009 / 印度 / 剧情 喜剧 爱情 歌舞 / 拉吉库马尔·希拉尼 / 阿米尔·汗 卡琳娜·卡普尔
3665704587,海上钢琴师,,https://img9.doubanio.com/view/photo/m_ratio_poster/public/p2574551676.jpg,2019-11-15(中国大陆),https://movie.douban.com/subject/1292001/,9.3,"剧情,音乐",5,,,2023-01-26 15:47:35,1998 / 意大利 / 剧情 音乐 / 朱塞佩·托纳多雷 / 蒂姆·罗斯 普路特·泰勒·文斯
3665704264,忠犬八公的故事,,https://img1.doubanio.com/view/photo/m_ratio_poster/public/p524964039.jpg,2009-06-13(西雅图电影节),https://movie.douban.com/subject/3011091/,9.4,剧情,5,,,2023-01-26 15:47:24,2009 / 美国 英国 / 剧情 / 拉斯·霍尔斯道姆 / 理查·基尔 萨拉·罗默尔
3665704040,楚门的世界,,https://img2.doubanio.com/view/photo/m_ratio_poster/public/p479682972.jpg,1998-06-05(美国),https://movie.douban.com/subject/1292064/,9.4,"剧情,科幻",5,,,2023-01-26 15:47:16,1998 / 美国 / 剧情 科幻 / 彼得·威尔 / 金·凯瑞 劳拉·琳妮
3665703706,星际穿越,,https://img1.doubanio.com/view/photo/m_ratio_poster/public/p2614988097.jpg,2014-11-12(中国大陆),https://movie.douban.com/subject/1889243/,9.4,"剧情,科幻,冒险",5,,,2023-01-26 15:47:04,2014 / 美国 英国 加拿大 / 剧情 科幻 冒险 / 克里斯托弗·诺兰 / 马修·麦康纳 安妮·海瑟薇
3665703477,盗梦空间,,https://img9.doubanio.com/view/photo/m_ratio_poster/public/p513344864.jpg,2010-09-01(中国大陆),https://movie.douban.com/subject/3541415/,9.4,"剧情,科幻,悬疑",4,,,2023-01-26 15:46:55,2010 / 美国 英国 / 剧情 科幻 悬疑 冒险 / 克里斯托弗·诺兰 / 莱昂纳多·迪卡普里奥 约瑟夫·高登-莱维特
3665702822,泰坦尼克号,,https://img9.doubanio.com/view/photo/m_ratio_poster/public/p457760035.jpg,1998-04-03(中国大陆),https://movie.douban.com/subject/1292722/,9.5,"剧情,爱情,灾难",5,,,2023-01-26 15:46:31,1997 / 美国 墨西哥 澳大利亚 加拿大 / 剧情 爱情 灾难 / 詹姆斯·卡梅隆 / 莱昂纳多·迪卡普里奥 凯特·温丝莱特
3665211977,黑亚当,,https://img2.doubanio.com/view/photo/m_ratio_poster/public/p2879837732.jpg,2022-10-19(法国),https://movie.douban.com/subject/26959697/,5.7,"动作,科幻,奇幻",2,,,2023-01-26 09:38:32,2022 / 美国 加拿大 新西兰 匈牙利 / 动作 科幻 奇幻 冒险 / 佐米·希尔拉 / 道恩·强森 阿尔迪斯·霍吉
3665211149,阿凡达：水之道,,https://img9.doubanio.com/view/photo/m_ratio_poster/public/p2884182275.jpg,2022-12-16(美国/中国大陆),https://movie.douban.com/subject/4811774/,7.9,"动作,科幻,冒险",3,,,2023-01-26 09:37:44,2022 / 美国 / 动作 科幻 冒险 / 詹姆斯·卡梅隆 / 萨姆·沃辛顿 佐伊·索尔达娜
3665210452,狙击手,,https://img2.doubanio.com/view/photo/m_ratio_poster/public/p2738601191.jpg,2022-02-01(中国大陆),https://movie.douban.com/subject/35215390/,7.7,"剧情,历史,战争",2,,,2023-01-26 09:37:01,2022 / 中国大陆 / 剧情 历史 战争 / 张艺谋 张末 / 陈永胜 章宇
3665208735,最后生还者 第一季,,https://img9.doubanio.com/view/photo/m_ratio_poster/public/p2884221114.jpg,2023-01-15(美国),https://movie.douban.com/subject/25848328/,9.1,"剧情,动作,科幻",4,,,2023-01-26 09:35:25,2023 / 美国 加拿大 / 剧情 动作 科幻 惊悚 恐怖 冒险 / 阿里·阿巴西 杰里米·韦布 尼尔·德拉柯曼 彼得·霍尔 丽萨·约翰逊 克雷格·麦辛 亚斯米拉·日巴尼奇 / 佩德罗·帕斯卡 贝拉·拉姆齐
3665208323,狂飙,,https://img2.doubanio.com/view/photo/m_ratio_poster/public/p2886376181.jpg,2023-01-14(中国大陆),https://movie.douban.com/subject/35465232/,8.6,"剧情,犯罪",4,,,2023-01-26 09:35:00,2023 / 中国大陆 / 剧情 犯罪 / 徐纪周 / 张译 张颂文
3651062883,蝙蝠侠和超人：超凡双子之战,,https://img9.doubanio.com/view/photo/m_ratio_poster/public/p2879941415.jpg,2022-09-15(德国),https://movie.douban.com/subject/35956364/,7.1,"动作,科幻,动画",,,"漫画改编,美国",2023-01-17 18:06:38,2022 / 美国 / 动作 科幻 动画 / 里克·莫拉莱斯 马特·皮特斯 / 达林·德·保罗 杰克·格里福
3554050759,边缘世界 第一季,,https://img9.doubanio.com/view/photo/m_ratio_poster/public/p2879947754.jpg,2022-10-21(美国),https://movie.douban.com/subject/30198955/,7.5,"剧情,科幻,惊悚",4,,,2023-01-17 18:05:40,2022 / 美国 / 剧情 科幻 惊悚 / 文森佐·纳塔利 欧瑞克·莱利 / 科洛·莫瑞兹 加里·卡尔
3651027618,兵临城下,,https://img2.doubanio.com/view/photo/m_ratio_poster/public/p1591033712.jpg,2001-07-21(中国大陆),https://movie.douban.com/subject/1301726/,8.4,"剧情,历史,战争",,,美国电影,2023-01-17 17:29:23,2001 / 爱尔兰 英国 法国 德国 美国 / 剧情 历史 战争 / 让-雅克·阿诺 / 裘德·洛 艾德·哈里斯
3651027033,明日边缘,,https://img1.doubanio.com/view/photo/m_ratio_poster/public/p2185073849.jpg,2014-06-06(中国大陆),https://movie.douban.com/subject/4746257/,8.2,"动作,科幻",,,"美国,科幻",2023-01-17 17:28:45,2014 / 美国 加拿大 / 动作 科幻 / 道格·里曼 / 汤姆·克鲁斯 艾米莉·布朗特
3651026706,赛博朋克：边缘行者,,https://img1.doubanio.com/view/photo/m_ratio_poster/public/p2877118797.jpg,2022-09-13(美国),https://movie.douban.com/subject/35118256/,9,"动作,科幻,动画",,,"游戏改编,科幻,美国",2023-01-17 17:28:23,2022 / 波兰 日本 美国 / 动作 科幻 动画 惊悚 犯罪 冒险 / 今石洋之 / 大桥贤一郎 悠木碧
3651025058,穿靴子的猫2,,https://img1.doubanio.com/view/photo/m_ratio_poster/public/p2885032978.jpg,2022-12-23(中国大陆),https://movie.douban.com/subject/25868125/,8.1,"喜剧,爱情,动画",,,"美国,动画",2023-01-17 17:26:40,2022 / 美国 / 喜剧 爱情 动画 悬疑 歌舞 奇幻 冒险 / 乔尔·克劳福德 贾努埃尔·梅尔卡多 / 安东尼奥·班德拉斯 萨尔玛·海耶克
3651024768,坠落,,https://img1.doubanio.com/view/photo/m_ratio_poster/public/p2883796259.jpg,2022-11-18(中国大陆),https://movie.douban.com/subject/35700395/,7.2,"动作,惊悚,冒险",,,"人性,美国电影",2023-01-17 17:26:23,2022 / 英国 美国 / 动作 惊悚 冒险 运动 / 斯科特·曼 / 格雷斯·卡罗琳·柯里 维吉尼亚·加德纳
3651023805,DC萌宠特遣队,,https://img9.doubanio.com/view/photo/m_ratio_poster/public/p2741687784.jpg,2022-07-29(美国),https://movie.douban.com/subject/30290068/,7.1,"喜剧,动作,科幻",,,"美国,狗狗,动画",2023-01-17 17:25:21,2022 / 美国 / 喜剧 动作 科幻 动画 冒险 / 贾里德·斯特恩 山姆·J·莱文 / 道恩·强森 凯文·哈特
3651022599,塔尔萨之王 第一季,,https://img9.doubanio.com/view/photo/m_ratio_poster/public/p2881996684.jpg,2022-11-13(美国),https://movie.douban.com/subject/35814636/,8.6,"剧情,犯罪",,,"人生,美国",2023-01-17 17:24:04,2022 / 美国 / 剧情 犯罪 / 本杰明·塞曼诺夫 艾伦·考特勒 / 西尔维斯特·史泰龙 加内特·赫德兰
3651021803,中国奇谭,,https://img1.doubanio.com/view/photo/m_ratio_poster/public/p2885130077.jpg,2023-01-01(中国大陆),https://movie.douban.com/subject/35674355/,9.1,"动画,短片,奇幻",,,"魔幻,人性,中国大陆",2023-01-17 17:23:16,2023 / 中国大陆 / 动画 短片 奇幻 / 陈廖宇 於水 胡睿 杨木 刘毛宁 陈莲华 徐宁 顾杨 刘旷 潘斌
3651021595,海豹看看,,https://img2.doubanio.com/view/photo/m_ratio_poster/public/p2886581052.jpg,2022-12-01(韩国),https://movie.douban.com/subject/36212744/,9.1,"喜剧,动画",,,"中国大陆,动画",2023-01-17 17:23:03,2022 / 韩国 / 喜剧 动画 / SEALOOK Official
3651021267,壮志凌云2：独行侠,,https://img1.doubanio.com/view/photo/m_ratio_poster/public/p2870610648.jpg,2022-05-18(戛纳电影节),https://movie.douban.com/subject/6893932/,8,动作,,,"美国电影,动作",2023-01-17 17:22:42,2022 / 美国 中国大陆 / 动作 / 约瑟夫·科辛斯基 / 汤姆·克鲁斯 詹妮弗·康纳利
3651020703,青春变形记,,https://img1.doubanio.com/view/photo/m_ratio_poster/public/p2868096837.jpg,2022-03-11(美国网络),https://movie.douban.com/subject/35284253/,8.2,"喜剧,动画,奇幻",,,美国,2023-01-17 17:22:10,2022 / 美国 / 喜剧 动画 奇幻 冒险 / 石之予 / 姜晋安 吴珊卓
3651020272,万里归途,,https://img2.doubanio.com/view/photo/m_ratio_poster/public/p2880793132.jpg,2022-09-30(中国大陆),https://movie.douban.com/subject/26654184/,7.4,"剧情,战争",,,"人性,中国大陆",2023-01-17 17:21:44,2022 / 中国大陆 / 剧情 战争 / 饶晓志 / 张译 王俊凯
3651020068,瞬息全宇宙,,https://img9.doubanio.com/view/photo/m_ratio_poster/public/p2869765076.jpg,2022-03-11(西南偏南电影节),https://movie.douban.com/subject/30314848/,7.6,"喜剧,奇幻,冒险",,,"漫威,科幻",2023-01-17 17:21:34,2022 / 美国 / 喜剧 奇幻 冒险 / 关家永 丹尼尔·施纳特 / 杨紫琼 许玮伦
3554052121,迷失 第一季,,https://img1.doubanio.com/view/photo/m_ratio_poster/public/p2199213819.jpg,2004-09-22(美国),https://movie.douban.com/subject/1394819/,8.6,"剧情,科幻,悬疑",4,,,2022-11-03 16:34:47,2004 / 美国 / 剧情 科幻 悬疑 惊悚 冒险 / J·J·艾布拉姆斯 / 马修·福克斯 豪尔赫·加西亚
3554051734,穹顶之下 第一季,,https://img1.doubanio.com/view/photo/m_ratio_poster/public/p1989694610.jpg,2013-06-24(美国),https://movie.douban.com/subject/4164106/,7.1,"科幻,恐怖",4,,,2022-11-03 16:34:22,2013 / 美国 / 科幻 恐怖 / 杰克·本德 / 迈克·沃格尔 科林·福特
3554051442,西部世界 第二季,,https://img2.doubanio.com/view/photo/m_ratio_poster/public/p2517077652.jpg,2018-04-22(美国),https://movie.douban.com/subject/26887174/,8.8,"科幻,西部",3,,,2022-11-03 16:34:03,2018 / 美国 / 科幻 西部 / 理查德·J·刘易斯 文森佐·纳塔利 丽莎·乔伊 克雷格·卓贝 塔里克·萨利赫 妮可·卡索 乌塔·布里兹维茨 斯蒂芬·威廉姆斯 弗雷德·托耶 / 埃文·蕾切尔·伍德 坦迪·牛顿
3554051151,西部世界 第一季,,https://img2.doubanio.com/view/photo/m_ratio_poster/public/p2403347953.jpg,2016-10-02(美国),https://movie.douban.com/subject/2338055/,8.9,"科幻,西部",4,,,2022-11-03 16:33:43,2016 / 美国 / 科幻 西部 / 乔纳森·诺兰 强尼·坎贝尔 理查德·J·刘易斯 米歇尔·麦克拉伦 尼尔·马歇尔 文森佐·纳塔利 弗雷德·托耶 斯蒂芬·威廉姆斯 / 埃文·蕾切尔·伍德 安东尼·霍普金斯
3554046628,金陵十三钗,,https://img2.doubanio.com/view/photo/m_ratio_poster/public/p1322247572.jpg,2011-12-15(中国大陆),https://movie.douban.com/subject/3649049/,8.3,"剧情,历史,战争",3,,,2022-11-03 16:28:14,2011 / 中国大陆 中国香港 / 剧情 历史 战争 / 张艺谋 / 克里斯蒂安·贝尔 倪妮
3554046341,300勇士：帝国崛起,,https://img1.doubanio.com/view/photo/m_ratio_poster/public/p2001509087.jpg,2014-03-05(阿根廷首映),https://movie.douban.com/subject/3148089/,6.4,"剧情,动作,历史",3,,,2022-11-03 16:27:53,2014 / 美国 / 剧情 动作 历史 战争 / 诺姆·穆罗 / 沙利文·斯特普尔顿 罗德里戈·桑托罗
3554045912,叶问4：完结篇,,https://img9.doubanio.com/view/photo/m_ratio_poster/public/p2577578115.jpg,2019-12-20(中国大陆),https://movie.douban.com/subject/26885074/,6.8,"剧情,动作",,,,2022-11-03 16:27:22,2019 / 中国大陆 中国香港 / 剧情 动作 / 叶伟信 / 甄子丹 吴樾
3554045895,叶问2：宗师传奇,,https://img2.doubanio.com/view/photo/m_ratio_poster/public/p1556481862.jpg,2010-04-27(中国大陆),https://movie.douban.com/subject/3578981/,7.4,"动作,传记,历史",,,,2022-11-03 16:27:20,2010 / 中国大陆 中国香港 / 动作 传记 历史 / 叶伟信 / 甄子丹 洪金宝
3554045879,叶问,,https://img2.doubanio.com/view/photo/m_ratio_poster/public/p458263441.jpg,2008-12-12(中国大陆),https://movie.douban.com/subject/3041806/,7.8,"剧情,动作,传记",,,,2022-11-03 16:27:19,2008 / 中国香港 中国大陆 / 剧情 动作 传记 历史 / 叶伟信 / 甄子丹 任达华
3554045711,叶问3,,https://img9.doubanio.com/view/photo/m_ratio_poster/public/p2322954776.jpg,2016-03-04(中国大陆),https://movie.douban.com/subject/11598977/,6.7,"剧情,动作,传记",2,,,2022-11-03 16:27:07,2015 / 中国大陆 中国香港 / 剧情 动作 传记 历史 / 叶伟信 / 甄子丹 迈克·泰森
3548287451,肖申克的救赎,,https://img2.doubanio.com/view/photo/m_ratio_poster/public/p480747492.jpg,1994-09-10(多伦多电影节),https://movie.douban.com/subject/1292052/,9.7,"剧情,犯罪",5,,,2022-10-29 16:23:26,1994 / 美国 / 剧情 犯罪 / 弗兰克·德拉邦特 / 蒂姆·罗宾斯 摩根·弗里曼
3502167480,人生大事,,https://img1.doubanio.com/view/photo/m_ratio_poster/public/p2874262709.jpg,2022-06-24(中国大陆),https://movie.douban.com/subject/35460157/,7.3,"剧情,家庭",2,,"人性,中国大陆,文艺,中国",2022-09-18 18:02:22,2022 / 中国大陆 中国香港 / 剧情 家庭 / 刘江江 / 朱一龙 杨恩又
931233689,速度与激情7,,https://img1.doubanio.com/view/photo/m_ratio_poster/public/p2233706697.jpg,2015-04-12(中国大陆),https://movie.douban.com/subject/23761370/,8.4,"动作,犯罪",5,,,2015-06-13 23:02:50,2015 / 美国 中国大陆 日本 / 动作 犯罪 / 温子仁 / 范·迪塞尔 保罗·沃克
837919425,分歧者：异类觉醒,,https://img1.doubanio.com/view/photo/m_ratio_poster/public/p2196353608.jpg,2014-09-08(中国大陆),https://movie.douban.com/subject/6424814/,6.6,"动作,科幻,冒险",1,,,2014-08-19 20:41:32,2014 / 美国 / 动作 科幻 冒险 / 尼尔·博格 / 谢琳·伍德蕾 西奥·詹姆斯
837919319,她,,https://img1.doubanio.com/view/photo/m_ratio_poster/public/p2166850749.jpg,2013-10-12(纽约电影节),https://movie.douban.com/subject/6722879/,8.4,"剧情,爱情,科幻",,,"文艺,剧情,她,爱情",2014-08-19 20:41:11,2013 / 美国 / 剧情 爱情 科幻 / 斯派克·琼斯 / 华金·菲尼克斯 斯嘉丽·约翰逊
837919250,钢铁侠与美国队长：英雄集结,,https://img9.doubanio.com/view/photo/m_ratio_poster/public/p2193490904.jpg,2014-07-19(美国),https://movie.douban.com/subject/25942186/,6.5,"动作,科幻,动画",,,"漫威,动画,美国,科幻,超级英雄",2014-08-19 20:40:57,2014 / 美国 / 动作 科幻 动画 / Leo Riley / 亚德里安·帕斯达 罗杰·克莱格·史密斯
826653918,暴力街区,,https://img1.doubanio.com/view/photo/m_ratio_poster/public/p2192302960.jpg,2014-08-01(中国大陆),https://movie.douban.com/subject/3718269/,7.1,"剧情,动作,犯罪",,暴力街区系列是我最喜欢的一个系列,,2014-08-19 20:40:32,2014 / 法国 加拿大 美国 西班牙 / 剧情 动作 犯罪 / 卡米尔·狄拉玛 / 保罗·沃克 大卫·贝利
811366359,归来,,https://img9.doubanio.com/view/photo/m_ratio_poster/public/p2181207835.jpg,2014-05-16(中国大陆),https://movie.douban.com/subject/21352814/,8,"剧情,爱情,历史",3,得罪谁不好非得罪图书馆管理员，这下傻了吧？,"爱情,文革,2014,中国大陆,小说改编",2014-05-29 19:22:10,2014 / 中国大陆 / 剧情 爱情 历史 / 张艺谋 / 陈道明 巩俐
807205317,纸牌屋 第一季,,https://img1.doubanio.com/view/photo/m_ratio_poster/public/p2162615597.jpg,2013-02-01(美国),https://movie.douban.com/subject/6037429/,9.3,剧情,5,,,2014-05-16 01:18:10,2013 / 美国 / 剧情 / 大卫·芬奇 詹姆斯·弗雷 卡尔·弗兰克林 乔·舒马赫 艾伦·考特勒 查尔斯·麦克道格 / 凯文·史派西 罗宾·怀特
784627686,霍比特人2：史矛革之战,,https://img9.doubanio.com/view/photo/m_ratio_poster/public/p2166784595.jpg,2014-02-21(中国大陆),https://movie.douban.com/subject/11606328/,8.5,"动作,奇幻,冒险",5,經典不由多說,"魔幻,魔戒,美国,史诗,奇幻",2014-03-10 01:38:14,2013 / 美国 新西兰 / 动作 奇幻 冒险 / 彼得·杰克逊 / 伊恩·麦克莱恩 马丁·弗瑞曼
764173969,西游记之大闹天宫,,https://img9.doubanio.com/view/photo/m_ratio_poster/public/p2166490265.jpg,2014-01-31(中国大陆),https://movie.douban.com/subject/5317291/,4.3,"动作,奇幻",1,以后国产大片还是算了，纯粹浪费时间，除了画面感之外别无其它。,大闹天宫,2014-03-01 15:29:01,2014 / 中国大陆 中国香港 / 动作 奇幻 / 郑保瑞 / 甄子丹 周润发
781811335,蜂鸟特攻,,https://img2.doubanio.com/view/photo/m_ratio_poster/public/p2180344882.jpg,2014-05-09(中国大陆),https://movie.douban.com/subject/10487568/,6.5,"剧情,动作,惊悚",5,大爱，值得一看。,,2014-03-01 15:27:01,2013 / 英国 美国 / 剧情 动作 惊悚 犯罪 / 斯蒂文·奈特 / 杰森·斯坦森 阿加塔·布泽克
781811110,家园防线,,https://img2.doubanio.com/view/photo/m_ratio_poster/public/p2172920443.jpg,2014-03-14(中国大陆),https://movie.douban.com/subject/11601131/,6.5,"动作,惊悚,犯罪",5,斯坦森的片子是我的大爱，整片的起伏不是太大，小演员的演出很出彩，点睛之笔。,,2014-03-01 15:26:19,2013 / 美国 / 动作 惊悚 犯罪 / 加里·弗莱德 / 杰森·斯坦森 詹姆斯·弗兰科
577766165,消失的子弹,,https://img9.doubanio.com/view/photo/m_ratio_poster/public/p1713985976.jpg,2012-08-14(中国大陆),https://movie.douban.com/subject/6991110/,6.5,"动作,悬疑,犯罪",1,本片的看点除了两大影星之外就没什么了,"悬疑,推理,犯罪,动作,剧情,中国",2012-09-07 22:44:59,2012 / 中国大陆 中国香港 / 动作 悬疑 犯罪 / 罗志良 / 谢霆锋 刘青云
577765481,超凡蜘蛛侠,,https://img9.doubanio.com/view/photo/m_ratio_poster/public/p1609913975.jpg,2012-08-27(中国大陆),https://movie.douban.com/subject/2129132/,7.7,"动作,科幻,奇幻",3,真心说，没有什么悬念，这片没什么看头,"蜘蛛侠,科幻,美国,漫画改编,漫画英雄,美国电影",2012-09-07 22:43:21,2012 / 美国 / 动作 科幻 奇幻 冒险 / 马克·韦布 / 安德鲁·加菲尔德 艾玛·斯通
577764925,蝙蝠侠：黑暗骑士崛起,,https://img9.doubanio.com/view/photo/m_ratio_poster/public/p1706428744.jpg,2012-08-27(中国大陆),https://movie.douban.com/subject/3395373/,8.8,"剧情,动作,科幻",,说实在的，没有前作有曲线，不过大作的本色未丢，画面感很强,"蝙蝠侠,美国,科幻,动作,超级英雄,漫画改编",2012-09-07 22:41:55,2012 / 美国 英国 / 剧情 动作 科幻 惊悚 犯罪 / 克里斯托弗·诺兰 / 克里斯蒂安·贝尔 汤姆·哈迪
577764520,听风者,,https://img1.doubanio.com/view/photo/m_ratio_poster/public/p1400056430.jpg,2012-08-07(中国大陆),https://movie.douban.com/subject/6041191/,6.9,"剧情,悬疑",4,伟仔的片子基本都没什么说的，这次的小清新演绎的异常到位,"谍战,剧情,悬疑,中国大陆,推理",2012-09-07 22:41:00,2012 / 中国大陆 中国香港 / 剧情 悬疑 / 麦兆辉 庄文强 / 梁朝伟 周迅
577763746,饥饿游戏,,https://img1.doubanio.com/view/photo/m_ratio_poster/public/p2209718348.jpg,2012-06-14(中国大陆),https://movie.douban.com/subject/3592853/,7.1,"动作,科幻,冒险",3,名字很贴切，生理上的饥饿加上情绪上的饥饿使得结局更有可观性,"美国,科幻,人性,小说改编,动作",2012-09-07 22:39:11,2012 / 美国 / 动作 科幻 冒险 / 盖瑞·罗斯 / 詹妮弗·劳伦斯 乔什·哈切森
577762372,普罗米修斯,,https://img2.doubanio.com/view/photo/m_ratio_poster/public/p1548920463.jpg,2012-09-02(中国大陆),https://movie.douban.com/subject/3771562/,7.6,"科幻,惊悚,冒险",,在科幻片中算是烂的，制作成本这么高，官方还敢宣传是多年不见的科幻大作，真是浪费感情,"科幻,美国,异形",2012-09-07 22:36:00,2012 / 美国 英国 / 科幻 惊悚 冒险 / 雷德利·斯科特 / 劳米·拉佩斯 迈克尔·法斯宾德
572157394,隔绝,,https://img2.doubanio.com/view/photo/m_ratio_poster/public/p1482124712.jpg,2012-01-13(美国),https://movie.douban.com/subject/4846693/,6.7,"科幻,悬疑,惊悚",,看完之后，真的很压抑，拷问人性的一部片子,人性,2012-08-24 16:13:08,2011 / 德国 美国 加拿大 / 科幻 悬疑 惊悚 灾难 / 泽维尔·吉恩斯 / 劳伦·日尔曼 迈克尔·比恩
456689069,失恋33天,,https://img9.doubanio.com/view/photo/m_ratio_poster/public/p1252876266.jpg,2011-11-08(中国大陆),https://movie.douban.com/subject/4873490/,7.2,"剧情,爱情",5,,爱情,2011-11-12 16:09:57,2011 / 中国大陆 / 剧情 爱情 / 滕华涛 / 白百何 文章
221536719,忠犬八公物语,,https://img9.doubanio.com/view/photo/m_ratio_poster/public/p2603716224.jpg,1987-08-01(日本),https://movie.douban.com/subject/1959195/,9.2,剧情,5,,狗狗,2010-02-24 23:40:47,1987 / 日本 / 剧情 / 神山征二郎 / 山本圭 井川比佐志
217246918,天地玄黄,,https://img2.doubanio.com/view/photo/m_ratio_poster/public/p2569956002.jpg,1992-09-15,https://movie.douban.com/subject/1300551/,9.1,纪录片,,,记录片,2010-02-15 00:23:19,1992 / 美国 / 纪录片 / 罗恩·弗里克
45566259,千与千寻,,https://img1.doubanio.com/view/photo/m_ratio_poster/public/p2557573348.jpg,2019-06-21(中国大陆),https://movie.douban.com/subject/1291561/,9.4,"剧情,动画,奇幻",,,千与千寻,2008-06-18 22:28:47,2001 / 日本 / 剧情 动画 奇幻 / 宫崎骏 / 柊瑠美 入野自由
45566176,这个杀手不太冷,,https://img2.doubanio.com/view/photo/m_ratio_poster/public/p511118051.jpg,1994-09-14(法国),https://movie.douban.com/subject/1295644/,9.4,"剧情,动作,犯罪",,,,2008-06-18 22:28:21,1994 / 法国 美国 / 剧情 动作 犯罪 / 吕克·贝松 / 让·雷诺 娜塔莉·波特曼
45320296,练习曲,,https://img1.doubanio.com/view/photo/m_ratio_poster/public/p1175865579.jpg,2007-04-27(中国台湾),https://movie.douban.com/subject/2055017/,8,剧情,3,,,2008-06-17 11:02:12,2006 / 中国台湾 / 剧情 / 陈怀恩 / 东明相 杨丽音
45197140,魔法奇缘,,https://img9.doubanio.com/view/photo/m_ratio_poster/public/p1293401256.jpg,2007-11-21(美国),https://movie.douban.com/subject/1971111/,7.2,"喜剧,爱情,动画",3,,美国电影,2008-06-16 14:00:24,2007 / 美国 / 喜剧 爱情 动画 歌舞 / 凯文·利玛 / 艾米·亚当斯 帕特里克·德姆西
45197075,功夫熊猫,,https://img1.doubanio.com/view/photo/m_ratio_poster/public/p1597238857.jpg,2008-06-20(中国大陆),https://movie.douban.com/subject/1783457/,8.2,"喜剧,动作,动画",3,,功夫熊猫,2008-06-16 13:59:47,2008 / 美国 / 喜剧 动作 动画 冒险 / 马克·奥斯本 约翰·斯蒂文森 / 杰克·布莱克 达斯汀·霍夫曼
45196101,士兵突击,,https://img9.doubanio.com/view/photo/m_ratio_poster/public/p2240922426.jpg,2006-12-24(中国大陆),https://movie.douban.com/subject/2154096/,9.5,剧情,5,,士兵突击,2008-06-16 13:51:35,2006 / 中国大陆 / 剧情 / 康洪雷 / 王宝强 陈思诚
30523732,最遥远的距离,,https://img1.doubanio.com/view/photo/m_ratio_poster/public/p461627429.jpg,2007-11-02(中国台湾),https://movie.douban.com/subject/2230888/,6.9,"剧情,爱情",,,最遥远的距离,2008-02-04 04:52:35,2007 / 中国台湾 / 剧情 爱情 / 林靖杰 / 桂纶镁 莫子仪